_id;common_name;family;genus;species;suggestion
"abarema cochleata;fabaceae;abarema;inga cauliflora";inga cauliflora;fabaceae;abarema;abarema cochleata;
"abarema mataybifolia;fabaceae;abarema;inga peluda";inga peluda;fabaceae;abarema;abarema mataybifolia;premna latifolia
"abarema mataybifolia;fabaceae;abarema;muirajiboia preta";muirajiboia preta;fabaceae;abarema;abarema mataybifolia;premna latifolia
"aiouea cf grandifolia;lauraceae;aiouea;louro branco";louro branco;lauraceae;aiouea;aiouea cf grandifolia;ixora grandifolia
"aiouea cf lehmannii;lauraceae;aiouea;louro preto";louro preto;lauraceae;aiouea;aiouea cf lehmannii;otoba lehmannii
"albizia duckeana;fabaceae;albizia;fava parkia";fava parkia;fabaceae;albizia;albizia duckeana;albizia acle
"alchornea discolor;euphorbiaceae;alchornea;castanha porco";castanha porco;euphorbiaceae;alchornea;alchornea discolor;lannea discolor
"amaioua corymbosa;rubiaceae;amaioua;muiraximbe";muiraximbe;rubiaceae;amaioua;amaioua corymbosa;laetia corymbulosa
"ambelania duckei;apocynaceae;ambelania;pepino mata";pepino mata;apocynaceae;ambelania;ambelania duckei;ambelania acida
"andira spp;fabaceae;andira;sucupira chorona";sucupira chorona;fabaceae;andira;andira spp;
"andira trifoliolata;fabaceae;andira;sucupira chorona";sucupira chorona;fabaceae;andira;andira trifoliolata;andira unifoliolata
"aniba panurensis sensu lato;lauraceae;aniba;louro amarelo";louro amarelo;lauraceae;aniba;aniba panurensis sensu lato;aniba panurensis
"aniba panurensis sensu lato;lauraceae;aniba;louro aritu";louro aritu;lauraceae;aniba;aniba panurensis sensu lato;aniba panurensis
"aniba panurensis sensu lato;lauraceae;aniba;louro falso aritu";louro falso aritu;lauraceae;aniba;aniba panurensis sensu lato;aniba panurensis
"aniba panurensis sensu lato;lauraceae;aniba;louro fofo";louro fofo;lauraceae;aniba;aniba panurensis sensu lato;aniba panurensis
"aniba panurensis sensu lato;lauraceae;aniba;louro rosa";louro rosa;lauraceae;aniba;aniba panurensis sensu lato;aniba panurensis
"annona ambotay;annonaceae;annona;envira taia";envira taia;annonaceae;annona;annona ambotay;annona glabra
"annona neoinsignis;annonaceae;annona;envira bobo";envira bobo;annonaceae;annona;annona neoinsignis;aldina insignis
"annona neoinsignis;annonaceae;annona;envira fofa";envira fofa;annonaceae;annona;annona neoinsignis;aldina insignis
"annona neoinsignis;annonaceae;annona;envira pente macaco";envira pente macaco;annonaceae;annona;annona neoinsignis;aldina insignis
"annonaceae spp;annonaceae;annonaceae;ata brava";ata brava;annonaceae;annonaceae;annonaceae spp;
"annonaceae spp;annonaceae;annonaceae;envira amargosa";envira amargosa;annonaceae;annonaceae;annonaceae spp;
"annonaceae spp;annonaceae;annonaceae;envira pacovi";envira pacovi;annonaceae;annonaceae;annonaceae spp;
"annonaceae spp;annonaceae;annonaceae;envira preta";envira preta;annonaceae;annonaceae;annonaceae spp;
"annonaceae spp;annonaceae;annonaceae;envira taia";envira taia;annonaceae;annonaceae;annonaceae spp;
"annonaceae spp;annonaceae;annonaceae;envira taripupu";envira taripupu;annonaceae;annonaceae;annonaceae spp;
"apeiba echinata;malvaceae;apeiba;envira pente macaco";envira pente macaco;malvaceae;apeiba;apeiba echinata;apeiba indet
"aspidosperma carapanauba;apocynaceae;aspidosperma;carapanauba";carapanauba;apocynaceae;aspidosperma;aspidosperma carapanauba;aspidosperma araracanga
"aspidosperma spp;apocynaceae;aspidosperma;piquia marfim";piquia marfim;apocynaceae;aspidosperma;aspidosperma spp;aspidosperma cuspa
"astronium cf ulei;anacardiaceae;astronium;muiracatiara";muiracatiara;anacardiaceae;astronium;astronium cf ulei;astronium ulei
"bellucia dichotoma;melastomataceae;bellucia;papa terra";papa terra;melastomataceae;bellucia;bellucia dichotoma;cordia dichotoma
"bellucia dichotoma;melastomataceae;bellucia;papa terra vermelho";papa terra vermelho;melastomataceae;bellucia;bellucia dichotoma;cordia dichotoma
"buchenavia spp;combretaceae;buchenavia;tanimbuca";tanimbuca;combretaceae;buchenavia;buchenavia spp;buchenavia grandis
"burseraceae spp;burseraceae;burseraceae;breu manga";breu manga;burseraceae;burseraceae;burseraceae spp;
"byrsonima cf chrysophylla;malpighiaceae;byrsonima;inga vermelha";inga vermelha;malpighiaceae;byrsonima;byrsonima cf chrysophylla;byrsonima crispa
"byrsonima cf stipulacea;malpighiaceae;byrsonima;murici";murici;malpighiaceae;byrsonima;byrsonima cf stipulacea;byrsonima stipulacea
"byrsonima cf stipulacea;malpighiaceae;byrsonima;murici mata";murici mata;malpighiaceae;byrsonima;byrsonima cf stipulacea;byrsonima stipulacea
"byrsonima duckeana;malpighiaceae;byrsonima;abiurana olho veado";abiurana olho veado;malpighiaceae;byrsonima;byrsonima duckeana;byrsonima densa
"byrsonima duckeana;malpighiaceae;byrsonima;murici";murici;malpighiaceae;byrsonima;byrsonima duckeana;byrsonima densa
"byrsonima duckeana;malpighiaceae;byrsonima;murici mata";murici mata;malpighiaceae;byrsonima;byrsonima duckeana;byrsonima densa
"byrsonima rodriguesii;malpighiaceae;byrsonima;sapateiro";sapateiro;malpighiaceae;byrsonima;byrsonima rodriguesii;byrsonima densa
"byrsonima rodriguesii;malpighiaceae;byrsonima;urucurana";urucurana;malpighiaceae;byrsonima;byrsonima rodriguesii;byrsonima densa
"calyptranthes cuspidata;myrtaceae;calyptranthes;araca bravo";araca bravo;myrtaceae;calyptranthes;calyptranthes cuspidata;aphananthe cuspidata
"calyptranthes cuspidata;myrtaceae;calyptranthes;murta mata";murta mata;myrtaceae;calyptranthes;calyptranthes cuspidata;aphananthe cuspidata
"calyptranthes macrophylla;myrtaceae;calyptranthes;araca bravo";araca bravo;myrtaceae;calyptranthes;calyptranthes macrophylla;alstonia macrophylla
"calyptranthes sp;myrtaceae;calyptranthes;araca bravo";araca bravo;myrtaceae;calyptranthes;calyptranthes sp;calyptranthes speciosa
"calyptranthes sp;myrtaceae;calyptranthes;ubaia";ubaia;myrtaceae;calyptranthes;calyptranthes sp;calyptranthes speciosa
"casearia spp;salicaceae;casearia;piabinha";piabinha;salicaceae;casearia;casearia spp;
"casearia ulmifolia;salicaceae;casearia;castanha cotia";castanha cotia;salicaceae;casearia;casearia ulmifolia;casearia grewiifolia
"cassia rubriflora;fabaceae;cassia;inga marimari";inga marimari;fabaceae;cassia;cassia rubriflora;clarisia biflora
"cecropia spp;urticaceae;cecropia;embauba branca";embauba branca;urticaceae;cecropia;cecropia spp;cecropia obtusa
"chrysobalanaceae spp;chrysobalanaceae;chrysobalanaceae;caraiperana";caraiperana;chrysobalanaceae;chrysobalanaceae;chrysobalanaceae spp;
"chrysobalanaceae spp;chrysobalanaceae;chrysobalanaceae;macucu fofo";macucu fofo;chrysobalanaceae;chrysobalanaceae;chrysobalanaceae spp;
"chrysobalanaceae spp;chrysobalanaceae;chrysobalanaceae;pajura mata";pajura mata;chrysobalanaceae;chrysobalanaceae;chrysobalanaceae spp;
"chrysobalanaceae spp;chrysobalanaceae;chrysobalanaceae;pajurazinho";pajurazinho;chrysobalanaceae;chrysobalanaceae;chrysobalanaceae spp;
"chrysophyllum aff pomiferum;sapotaceae;chrysophyllum;abiurana bacuri";abiurana bacuri;sapotaceae;chrysophyllum;chrysophyllum aff pomiferum;chrysophyllum pomiferum
"chrysophyllum aff pomiferum;sapotaceae;chrysophyllum;abiurana fedorenta";abiurana fedorenta;sapotaceae;chrysophyllum;chrysophyllum aff pomiferum;chrysophyllum pomiferum
"chrysophyllum sp 2;sapotaceae;chrysophyllum;jarai";jarai;sapotaceae;chrysophyllum;chrysophyllum sp 2;chrysophyllum indet
"chrysophyllum spp;sapotaceae;chrysophyllum;ucuquirana verdadeira";ucuquirana verdadeira;sapotaceae;chrysophyllum;chrysophyllum spp;chrysophyllum indet
"chrysophyllum ucuquirana branca;sapotaceae;chrysophyllum;ucuquirana brava";ucuquirana brava;sapotaceae;chrysophyllum;chrysophyllum ucuquirana branca;chrysophyllum ucuquirana-branca
"clusiaceae spp;clusiaceae;clusiaceae;bacuri jacare";bacuri jacare;clusiaceae;clusiaceae;clusiaceae spp;
"connarus perrottetii;connaraceae;connarus;rabo arara";rabo arara;connaraceae;connarus;connarus perrottetii;
"cordia cf trachyphylla;boraginaceae;cordia;cafe bravo";cafe bravo;boraginaceae;cordia;cordia cf trachyphylla;cordia fallax
"cordia cf trachyphylla;boraginaceae;cordia;freijo branco";freijo branco;boraginaceae;cordia;cordia cf trachyphylla;cordia fallax
"cordia sp 1;boraginaceae;cordia;freijo branco";freijo branco;boraginaceae;cordia;cordia sp 1;
"cordia spp;boraginaceae;cordia;freijo";freijo;boraginaceae;cordia;cordia spp;
"cordia spp;boraginaceae;cordia;freijo branco";freijo branco;boraginaceae;cordia;cordia spp;
"dacryodes cuspidata;burseraceae;dacryodes;breu manga";breu manga;burseraceae;dacryodes;dacryodes cuspidata;dacryodes costata
"dacryodes cuspidata;burseraceae;dacryodes;breu vermelho";breu vermelho;burseraceae;dacryodes;dacryodes cuspidata;dacryodes costata
"dacryodes cuspidata;burseraceae;dacryodes;inga vermelha";inga vermelha;burseraceae;dacryodes;dacryodes cuspidata;dacryodes costata
"dacryodes cuspidata;burseraceae;dacryodes;seringarana";seringarana;burseraceae;dacryodes;dacryodes cuspidata;dacryodes costata
"dicypellium manausense;lauraceae;dicypellium;louro preto";louro preto;lauraceae;dicypellium;dicypellium manausense;dialium guianense
"dodecastigma amazonicum;euphorbiaceae;dodecastigma;seringarana";seringarana;euphorbiaceae;dodecastigma;dodecastigma amazonicum;protium amazonicum
"duguetia pycnastera;annonaceae;duguetia;envira amarela";envira amarela;annonaceae;duguetia;duguetia pycnastera;duguetia chrysea
"duroia kotchubaeoides;rubiaceae;duroia;abiurana casca fina";abiurana casca fina;rubiaceae;duroia;duroia kotchubaeoides;
"duroia macrophylla;rubiaceae;duroia;purui";purui;rubiaceae;duroia;duroia macrophylla;euodia macrophylla
"elaeoluma nuda;sapotaceae;elaeoluma;abiurana bacuri";abiurana bacuri;sapotaceae;elaeoluma;elaeoluma nuda;
"elaeoluma nuda;sapotaceae;elaeoluma;abiurana roxa";abiurana roxa;sapotaceae;elaeoluma;elaeoluma nuda;
"elaeoluma nuda;sapotaceae;elaeoluma;maparajuba";maparajuba;sapotaceae;elaeoluma;elaeoluma nuda;
"elizabetha spp;fabaceae;elizabetha;faveira bolacha";faveira bolacha;fabaceae;elizabetha;elizabetha spp;
"endlicheria chalisea;lauraceae;endlicheria;louro abacate";louro abacate;lauraceae;endlicheria;endlicheria chalisea;endlicheria indet
"endlicheria directonervia;lauraceae;endlicheria;louro preto";louro preto;lauraceae;endlicheria;endlicheria directonervia;endlicheria indet
"enterolobium barnebianum;fabaceae;enterolobium;visgueiro";visgueiro;fabaceae;enterolobium;enterolobium barnebianum;enterolobium maximum
"enterolobium sp;fabaceae;enterolobium;faveira folha fina";faveira folha fina;fabaceae;enterolobium;enterolobium sp;
"erisma bicolor;vochysiaceae;erisma;maueira";maueira;vochysiaceae;erisma;erisma bicolor;pera bicolor
"eschweilera bracteosa;lecythidaceae;eschweilera;matamata amarelo";matamata amarelo;lecythidaceae;eschweilera;eschweilera bracteosa;eschweilera fracta
"eschweilera bracteosa;lecythidaceae;eschweilera;ripeiro branco";ripeiro branco;lecythidaceae;eschweilera;eschweilera bracteosa;eschweilera fracta
"eschweilera cyathiformis;lecythidaceae;eschweilera;ripeiro preto";ripeiro preto;lecythidaceae;eschweilera;eschweilera cyathiformis;eschweilera albiflora
"eschweilera cyathiformis;lecythidaceae;eschweilera;ripeiro vermelho";ripeiro vermelho;lecythidaceae;eschweilera;eschweilera cyathiformis;eschweilera albiflora
"eschweilera cyathiformis;lecythidaceae;eschweilera;tinteiro";tinteiro;lecythidaceae;eschweilera;eschweilera cyathiformis;eschweilera albiflora
"eschweilera pseudodecolorans;lecythidaceae;eschweilera;ripeiro preto";ripeiro preto;lecythidaceae;eschweilera;eschweilera pseudodecolorans;eschweilera odora
"eschweilera pseudodecolorans;lecythidaceae;eschweilera;ripeiro vermelho";ripeiro vermelho;lecythidaceae;eschweilera;eschweilera pseudodecolorans;eschweilera odora
"eschweilera romeu cardosoi;lecythidaceae;eschweilera;araba roxo";araba roxo;lecythidaceae;eschweilera;eschweilera romeu cardosoi;eschweilera odora
"eschweilera romeu cardosoi;lecythidaceae;eschweilera;matamata amarelo";matamata amarelo;lecythidaceae;eschweilera;eschweilera romeu cardosoi;eschweilera odora
"eschweilera romeu cardosoi;lecythidaceae;eschweilera;ripeiro";ripeiro;lecythidaceae;eschweilera;eschweilera romeu cardosoi;eschweilera odora
"eschweilera romeu cardosoi;lecythidaceae;eschweilera;ripeiro amarelo";ripeiro amarelo;lecythidaceae;eschweilera;eschweilera romeu cardosoi;eschweilera odora
"eschweilera romeu cardosoi;lecythidaceae;eschweilera;ripeiro branco";ripeiro branco;lecythidaceae;eschweilera;eschweilera romeu cardosoi;eschweilera odora
"eschweilera romeu cardosoi;lecythidaceae;eschweilera;ripeiro preto";ripeiro preto;lecythidaceae;eschweilera;eschweilera romeu cardosoi;eschweilera odora
"eschweilera romeu cardosoi;lecythidaceae;eschweilera;ripeiro vermelho";ripeiro vermelho;lecythidaceae;eschweilera;eschweilera romeu cardosoi;eschweilera odora
"eschweilera sp;lecythidaceae;eschweilera;tauari";tauari;lecythidaceae;eschweilera;eschweilera sp;eschweilera alata
"eschweilera spp;lecythidaceae;eschweilera;inga branco";inga branco;lecythidaceae;eschweilera;eschweilera spp;eschweilera alata
"eschweilera spp;lecythidaceae;eschweilera;mata mata amarelo";mata mata amarelo;lecythidaceae;eschweilera;eschweilera spp;eschweilera alata
"eschweilera spp;lecythidaceae;eschweilera;matamata amarelo";matamata amarelo;lecythidaceae;eschweilera;eschweilera spp;eschweilera alata
"eschweilera spp;lecythidaceae;eschweilera;ripeiro preto";ripeiro preto;lecythidaceae;eschweilera;eschweilera spp;eschweilera alata
"eschweilera spp;lecythidaceae;eschweilera;ripeiro vermelho";ripeiro vermelho;lecythidaceae;eschweilera;eschweilera spp;eschweilera alata
"eschweilera truncata;lecythidaceae;eschweilera;gito vermelho";gito vermelho;lecythidaceae;eschweilera;eschweilera truncata;eschweilera carinata
"eschweilera truncata;lecythidaceae;eschweilera;matamata amarelo";matamata amarelo;lecythidaceae;eschweilera;eschweilera truncata;eschweilera carinata
"eschweilera truncata;lecythidaceae;eschweilera;matamata preto";matamata preto;lecythidaceae;eschweilera;eschweilera truncata;eschweilera carinata
"eugenia cf chartacea;myrtaceae;eugenia;abiurana casca fina";abiurana casca fina;myrtaceae;eugenia;eugenia cf chartacea;inga chartacea
"eugenia cf chartacea;myrtaceae;eugenia;abiurana vermelha";abiurana vermelha;myrtaceae;eugenia;eugenia cf chartacea;inga chartacea
"eugenia cf illepida;myrtaceae;eugenia;gitorana";gitorana;myrtaceae;eugenia;eugenia cf illepida;eugenia illepida
"eugenia lambertiana;myrtaceae;eugenia;araca bravo";araca bravo;myrtaceae;eugenia;eugenia lambertiana;eugenia cerina
"eugenia stictopetala;myrtaceae;eugenia;louro abacate";louro abacate;myrtaceae;eugenia;eugenia stictopetala;euodia trichopetala
"euphorbiaceae spp;euphorbiaceae;euphorbiaceae;seringarana";seringarana;euphorbiaceae;euphorbiaceae;euphorbiaceae spp;
"fabaceae sp 3;fabaceae;fabaceae;araba roxo";araba roxo;fabaceae;fabaceae;fabaceae sp 3;
"fabaceae sp 3;fabaceae;fabaceae;piaozinho";piaozinho;fabaceae;fabaceae;fabaceae sp 3;
"fabaceae spp;fabaceae;fabaceae;faveira rape";faveira rape;fabaceae;fabaceae;fabaceae spp;
"fabaceae spp;fabaceae;fabaceae;faveira vermelha";faveira vermelha;fabaceae;fabaceae;fabaceae spp;
"fabaceae spp;fabaceae;fabaceae;inga mari mari";inga mari mari;fabaceae;fabaceae;fabaceae spp;
"fabaceae spp;fabaceae;fabaceae;ingarana";ingarana;fabaceae;fabaceae;fabaceae spp;
"fabaceae spp;fabaceae;fabaceae;jiboinha";jiboinha;fabaceae;fabaceae;fabaceae spp;
"ficus duckeana;moraceae;ficus;mata pau";mata pau;moraceae;ficus;ficus duckeana;ficus drupacea
"geissospermum argenteum;apocynaceae;geissospermum;acariquara branca";acariquara branca;apocynaceae;geissospermum;geissospermum argenteum;geissospermum laeve
"guapira tomentosa;nyctaginaceae;guapira;joao mole";joao mole;nyctaginaceae;guapira;guapira tomentosa;aglaia tomentosa
"guarea carinata/trunciflora;meliaceae;guarea;breu vermelho";breu vermelho;meliaceae;guarea;guarea carinata/trunciflora;garcinia uniflora
"guarea carinata/trunciflora;meliaceae;guarea;gito vermelho";gito vermelho;meliaceae;guarea;guarea carinata/trunciflora;garcinia uniflora
"guarea spp;meliaceae;guarea;gito vermelho";gito vermelho;meliaceae;guarea;guarea spp;
"guatteria cf inundata;annonaceae;guatteria;envira preta";envira preta;annonaceae;guatteria;guatteria cf inundata;guatteria caribaea
"guatteria citriodora;annonaceae;guatteria;envira fofa";envira fofa;annonaceae;guatteria;guatteria citriodora;guatteria cestrifolia
"guatteria discolor;annonaceae;guatteria;envira fofa";envira fofa;annonaceae;guatteria;guatteria discolor;parkia discolor
"guatteria spp;annonaceae;guatteria;envira fofa";envira fofa;annonaceae;guatteria;guatteria spp;guatteria micans
"handroanthus capitatus;bignoniaceae;handroanthus;pau darco";pau darco;bignoniaceae;handroanthus;handroanthus capitatus;tarchonanthus camphoratus
"handroanthus cf serratifolius;bignoniaceae;handroanthus;taruma";taruma;bignoniaceae;handroanthus;handroanthus cf serratifolius;duranta serratifolia
"handroanthus incanus;bignoniaceae;handroanthus;pau darco roxo";pau darco roxo;bignoniaceae;handroanthus;handroanthus incanus;
"heisteria duckei;olacaceae;heisteria;araca bravo";araca bravo;olacaceae;heisteria;heisteria duckei;heisteria indet
"heisteria duckei;olacaceae;heisteria;falso chichua";falso chichua;olacaceae;heisteria;heisteria duckei;heisteria indet
"heisteria laxiflora;olacaceae;heisteria;uxirana";uxirana;olacaceae;heisteria;heisteria laxiflora;heisteria cauliflora
"hirtella obidensis;chrysobalanaceae;hirtella;caraiperana";caraiperana;chrysobalanaceae;hirtella;hirtella obidensis;hirtella bicornis
"hirtella obidensis;chrysobalanaceae;hirtella;pajurazinho";pajurazinho;chrysobalanaceae;hirtella;hirtella obidensis;hirtella bicornis
"humiriaceae spp;humiriaceae;humiriaceae;macucu murici";macucu murici;humiriaceae;humiriaceae;humiriaceae spp;
"humiriaceae spp;humiriaceae;humiriaceae;uxi preto";uxi preto;humiriaceae;humiriaceae;humiriaceae spp;
"humiriaceae spp;humiriaceae;humiriaceae;uxirana";uxirana;humiriaceae;humiriaceae;humiriaceae spp;
"indeterminado;indeterminado;#valor!;gitorana";gitorana;indeterminado;#valor!;indeterminado;
"indeterminado;indeterminado;#valor!;gogo guariba";gogo guariba;indeterminado;#valor!;indeterminado;
"indeterminado;indeterminado;#valor!;orelha burro";orelha burro;indeterminado;#valor!;indeterminado;
"indeterminado;indeterminado;#valor!;uxi cotia";uxi cotia;indeterminado;#valor!;indeterminado;
"inga cf cordatoalata;fabaceae;inga;inga vermelha";inga vermelha;fabaceae;inga;inga cf cordatoalata;inga capitata
"inga cf leiocalycina;fabaceae;inga;inga arara";inga arara;fabaceae;inga;inga cf leiocalycina;inga leiocalycina
"inga cf leiocalycina;fabaceae;inga;inga vermelha";inga vermelha;fabaceae;inga;inga cf leiocalycina;inga leiocalycina
"inga cf leiocalycina;fabaceae;inga;ingarana";ingarana;fabaceae;inga;inga cf leiocalycina;inga leiocalycina
"inga gracilifolia;fabaceae;inga;inga copaiba";inga copaiba;fabaceae;inga;inga gracilifolia;inga graciliflora
"inga spp;fabaceae;inga;inga branca";inga branca;fabaceae;inga;inga spp;
"inga spp;fabaceae;inga;inga branco";inga branco;fabaceae;inga;inga spp;
"inga spp;fabaceae;inga;inga peluda";inga peluda;fabaceae;inga;inga spp;
"inga spp;fabaceae;inga;inga vermelha";inga vermelha;fabaceae;inga;inga spp;
"inga suberosa;fabaceae;inga;inga peluda";inga peluda;fabaceae;inga;inga suberosa;inga huberi
"inga umbratica;fabaceae;inga;inga vermelha";inga vermelha;fabaceae;inga;inga umbratica;inga aria
"iryanthera coriacea;myristicaceae;iryanthera;ucuuba puna";ucuuba puna;myristicaceae;iryanthera;iryanthera coriacea;andira coriacea
"iryanthera coriacea;myristicaceae;iryanthera;ucuuba vermelha";ucuuba vermelha;myristicaceae;iryanthera;iryanthera coriacea;andira coriacea
"iryanthera spp;myristicaceae;iryanthera;ucuuba";ucuuba;myristicaceae;iryanthera;iryanthera spp;iryanthera laevis
"iryanthera spp;myristicaceae;iryanthera;ucuuba puna";ucuuba puna;myristicaceae;iryanthera;iryanthera spp;iryanthera laevis
"kutchubaea insignis;rubiaceae;kutchubaea;buchuchu cv";buchuchu cv;rubiaceae;kutchubaea;kutchubaea insignis;ruagea insignis
"kutchubaea insignis;rubiaceae;kutchubaea;cafe bravo";cafe bravo;rubiaceae;kutchubaea;kutchubaea insignis;ruagea insignis
"kutchubaea insignis;rubiaceae;kutchubaea;taboquinha";taboquinha;rubiaceae;kutchubaea;kutchubaea insignis;ruagea insignis
"lacistema aggregatum/polystachyum;lacistemataceae;lacistema;branquinha";branquinha;lacistemataceae;lacistema;lacistema aggregatum/polystachyum;lacistema aggregatum
"lacistema spp;lacistemataceae;lacistema;pimenta nambu";pimenta nambu;lacistemataceae;lacistema;lacistema spp;
"laetia cupulata;salicaceae;laetia;muiraximbe";muiraximbe;salicaceae;laetia;laetia cupulata;aglaia cucullata
"lauraceae spp;lauraceae;lauraceae;louro abacate";louro abacate;lauraceae;lauraceae;lauraceae spp;
"lauraceae spp;lauraceae;lauraceae;louro aritu";louro aritu;lauraceae;lauraceae;lauraceae spp;
"lauraceae spp;lauraceae;lauraceae;louro branco";louro branco;lauraceae;lauraceae;lauraceae spp;
"lauraceae spp;lauraceae;lauraceae;louro falso aritu";louro falso aritu;lauraceae;lauraceae;lauraceae spp;
"lauraceae spp;lauraceae;lauraceae;louro fofo";louro fofo;lauraceae;lauraceae;lauraceae spp;
"lauraceae spp;lauraceae;lauraceae;louro inhamui";louro inhamui;lauraceae;lauraceae;lauraceae spp;
"lauraceae spp;lauraceae;lauraceae;louro preto";louro preto;lauraceae;lauraceae;lauraceae spp;
"lecythidaceae spp;lecythidaceae;lecythidaceae;tauari";tauari;lecythidaceae;lecythidaceae;lecythidaceae spp;
"lecythis aff poiteaui;lecythidaceae;lecythis;castanha jarana fm";castanha jarana fm;lecythidaceae;lecythis;lecythis aff poiteaui;lecythis poiteaui
"lecythis cf chartacea;lecythidaceae;lecythis;castanha jarana fm";castanha jarana fm;lecythidaceae;lecythis;lecythis cf chartacea;lecythis chartacea
"lecythis cf gracieana;lecythidaceae;lecythis;castanha jarana fm";castanha jarana fm;lecythidaceae;lecythis;lecythis cf gracieana;lecythis gracieana
"lecythis cf parvifructa;lecythidaceae;lecythis;castanha sapucaia";castanha sapucaia;lecythidaceae;lecythis;lecythis cf parvifructa;lecythis parvifructa
"lecythis spp;lecythidaceae;lecythis;castanha jarana";castanha jarana;lecythidaceae;lecythis;lecythis spp;lecythis ampla
"lecythis spp;lecythidaceae;lecythis;castanha jarana fm";castanha jarana fm;lecythidaceae;lecythis;lecythis spp;lecythis ampla
"lecythis spp;lecythidaceae;lecythis;castanha sapucaia";castanha sapucaia;lecythidaceae;lecythis;lecythis spp;lecythis ampla
"licania blackii;chrysobalanaceae;licania;envira preta";envira preta;chrysobalanaceae;licania;licania blackii;licania alba
"licania blackii;chrysobalanaceae;licania;uxi cotia";uxi cotia;chrysobalanaceae;licania;licania blackii;licania alba
"licania bracteata;chrysobalanaceae;licania;uxi cotia";uxi cotia;chrysobalanaceae;licania;licania bracteata;licania elata
"licania laevigata;chrysobalanaceae;licania;macucu chiador";macucu chiador;chrysobalanaceae;licania;licania laevigata;toulicia laevigata
"licania spp;chrysobalanaceae;licania;caraipe";caraipe;chrysobalanaceae;licania;licania spp;
"licania spp;chrysobalanaceae;licania;macucu chiador";macucu chiador;chrysobalanaceae;licania;licania spp;
"licania sprucei;chrysobalanaceae;licania;caraipe";caraipe;chrysobalanaceae;licania;licania sprucei;licania fuchsii
"licaria crassifolia;lauraceae;licaria;louro pirarucu";louro pirarucu;lauraceae;licaria;licaria crassifolia;litsea crassifolia
"licaria martiniana;lauraceae;licaria;louro";louro;lauraceae;licaria;licaria martiniana;licaria armeniaca
"licaria martiniana;lauraceae;licaria;louro aritu";louro aritu;lauraceae;licaria;licaria martiniana;licaria armeniaca
"licaria martiniana;lauraceae;licaria;louro branco";louro branco;lauraceae;licaria;licaria martiniana;licaria armeniaca
"licaria sp 2;lauraceae;licaria;louro falso aritu";louro falso aritu;lauraceae;licaria;licaria sp 2;
"licaria sp 2;lauraceae;licaria;louro preto";louro preto;lauraceae;licaria;licaria sp 2;
"licaria spp;lauraceae;licaria;louro ferro";louro ferro;lauraceae;licaria;licaria spp;
"mabea angularis;euphorbiaceae;mabea;pepino mata";pepino mata;euphorbiaceae;mabea;mabea angularis;
"mabea angularis;euphorbiaceae;mabea;taboquinha";taboquinha;euphorbiaceae;mabea;mabea angularis;
"mabea angularis;euphorbiaceae;mabea;taquari";taquari;euphorbiaceae;mabea;mabea angularis;
"mabea angularis;euphorbiaceae;mabea;taquari vermelho";taquari vermelho;euphorbiaceae;mabea;mabea angularis;
"mabea spp;euphorbiaceae;mabea;taquari";taquari;euphorbiaceae;mabea;mabea spp;
"manilkara spp;sapotaceae;manilkara;macaranduba";macaranduba;sapotaceae;manilkara;manilkara spp;manilkara zapota
"maytenus guyanensis;celastraceae;maytenus;chichua";chichua;celastraceae;maytenus;maytenus guyanensis;maytenus laevis
"meliaceae spp;meliaceae;meliaceae;gito";gito;meliaceae;meliaceae;meliaceae spp;
"mezilaurus cf synandra;lauraceae;mezilaurus;itauba";itauba;lauraceae;mezilaurus;mezilaurus cf synandra;mezilaurus synandra
"mezilaurus cf synandra;lauraceae;mezilaurus;itauba fm";itauba fm;lauraceae;mezilaurus;mezilaurus cf synandra;mezilaurus synandra
"miconia dicrophylla;melastomataceae;miconia;buchuchu canela velho";buchuchu canela velho;melastomataceae;miconia;miconia dicrophylla;miconia chrysophylla
"miconia dicrophylla;melastomataceae;miconia;buchuchu folha serrilhada";buchuchu folha serrilhada;melastomataceae;miconia;miconia dicrophylla;miconia chrysophylla
"miconia dicrophylla;melastomataceae;miconia;buchuchu orelha burro";buchuchu orelha burro;melastomataceae;miconia;miconia dicrophylla;miconia chrysophylla
"miconia dicrophylla;melastomataceae;miconia;tinteiro";tinteiro;melastomataceae;miconia;miconia dicrophylla;miconia chrysophylla
"miconia gratissima;melastomataceae;miconia;jaruma";jaruma;melastomataceae;miconia;miconia gratissima;miconia prasina
"miconia hypoleuca;melastomataceae;miconia;buchuchu canela velho";buchuchu canela velho;melastomataceae;miconia;miconia hypoleuca;licania hypoleuca
"miconia hypoleuca;melastomataceae;miconia;buchuchu folha serrilhada";buchuchu folha serrilhada;melastomataceae;miconia;miconia hypoleuca;licania hypoleuca
"miconia hypoleuca;melastomataceae;miconia;buxuxu folha serr";buxuxu folha serr;melastomataceae;miconia;miconia hypoleuca;licania hypoleuca
"miconia hypoleuca;melastomataceae;miconia;cardeiro";cardeiro;melastomataceae;miconia;miconia hypoleuca;licania hypoleuca
"miconia longispicata;melastomataceae;miconia;buchuchu orelha burro";buchuchu orelha burro;melastomataceae;miconia;miconia longispicata;miconia longifolia
"miconia minutiflora;melastomataceae;miconia;buchuchu folha serrilhada";buchuchu folha serrilhada;melastomataceae;miconia;miconia minutiflora;licania minutiflora
"miconia minutiflora;melastomataceae;miconia;macucu chiador";macucu chiador;melastomataceae;miconia;miconia minutiflora;licania minutiflora
"miconia minutiflora;melastomataceae;miconia;tinteira";tinteira;melastomataceae;miconia;miconia minutiflora;licania minutiflora
"miconia minutiflora;melastomataceae;miconia;tinteiro";tinteiro;melastomataceae;miconia;miconia minutiflora;licania minutiflora
"miconia phanerostila;melastomataceae;miconia;buchuchu";buchuchu;melastomataceae;miconia;miconia phanerostila;miconia prasina
"miconia phanerostila;melastomataceae;miconia;orelha burro";orelha burro;melastomataceae;miconia;miconia phanerostila;miconia prasina
"miconia punctata;melastomataceae;miconia;buchuchu canela velho";buchuchu canela velho;melastomataceae;miconia;miconia punctata;inga punctata
"miconia pyrifolia;melastomataceae;miconia;goiaba anta";goiaba anta;melastomataceae;miconia;miconia pyrifolia;myrcia pyrifolia
"miconia pyrifolia;melastomataceae;miconia;tinteira";tinteira;melastomataceae;miconia;miconia pyrifolia;myrcia pyrifolia
"miconia regelii;melastomataceae;miconia;araca bravo";araca bravo;melastomataceae;miconia;miconia regelii;miconia elata
"miconia regelii;melastomataceae;miconia;pau canela";pau canela;melastomataceae;miconia;miconia regelii;miconia elata
"miconia regelii;melastomataceae;miconia;tinteiro";tinteiro;melastomataceae;miconia;miconia regelii;miconia elata
"miconia spp;melastomataceae;miconia;buchuchu canela velh";buchuchu canela velh;melastomataceae;miconia;miconia spp;
"miconia spp;melastomataceae;miconia;buchuchu canela velho";buchuchu canela velho;melastomataceae;miconia;miconia spp;
"miconia spp;melastomataceae;miconia;buchuchu folha serrilhada";buchuchu folha serrilhada;melastomataceae;miconia;miconia spp;
"miconia spp;melastomataceae;miconia;buchuchu fs";buchuchu fs;melastomataceae;miconia;miconia spp;
"miconia spp;melastomataceae;miconia;buxuxu folha serrilhada";buxuxu folha serrilhada;melastomataceae;miconia;miconia spp;
"miconia spp;melastomataceae;miconia;orelha burro";orelha burro;melastomataceae;miconia;miconia spp;
"micrandropsis scleroxylon;euphorbiaceae;micrandropsis;piaozinho";piaozinho;euphorbiaceae;micrandropsis;micrandropsis scleroxylon;micrandra scleroxylon
"micropholis casiquiarensis;sapotaceae;micropholis;abiurana roxa";abiurana roxa;sapotaceae;micropholis;micropholis casiquiarensis;micropholis guyanensis
"micropholis spp;sapotaceae;micropholis;chiclete bravo";chiclete bravo;sapotaceae;micropholis;micropholis spp;micropholis egensis
"micropholis trunciflora;sapotaceae;micropholis;abiurana bacuri";abiurana bacuri;sapotaceae;micropholis;micropholis trunciflora;micropholis venulosa
"moraceae spp;moraceae;moraceae;amapa amargoso";amapa amargoso;moraceae;moraceae;moraceae spp;
"moraceae spp;moraceae;moraceae;inhare";inhare;moraceae;moraceae;moraceae spp;
"moraceae spp;moraceae;moraceae;muiratinga";muiratinga;moraceae;moraceae;moraceae spp;
"morinda sp;rubiaceae;morinda;muiraximbe";muiraximbe;rubiaceae;morinda;morinda sp;
"moronobea coccinea/pulchra;clusiaceae;moronobea;bacuri espinho";bacuri espinho;clusiaceae;moronobea;moronobea coccinea/pulchra;moronobea coccinea
"mouriri duckeana/duckeanoides;melastomataceae;mouriri;mamaozinho";mamaozinho;melastomataceae;mouriri;mouriri duckeana/duckeanoides;
"mouriri duckeana/duckeanoides;melastomataceae;mouriri;muirauba";muirauba;melastomataceae;mouriri;mouriri duckeana/duckeanoides;
"myrcia cf minutiflora;myrtaceae;myrcia;falsa cupiuba";falsa cupiuba;myrtaceae;myrcia;myrcia cf minutiflora;licania minutiflora
"myrcia cf splendens;myrtaceae;myrcia;azeitona mata";azeitona mata;myrtaceae;myrcia;myrcia cf splendens;myrcia splendens
"myrcia servata;myrtaceae;myrcia;goiabinha";goiabinha;myrtaceae;myrcia;myrcia servata;myrcia rostrata
"myrcia spp;myrtaceae;myrcia;goiabinha";goiabinha;myrtaceae;myrcia;myrcia spp;
"myrcia subsericea;myrtaceae;myrcia;azeitona mata";azeitona mata;myrtaceae;myrcia;myrcia subsericea;myrica rubra
"myristicaceae spp;myristicaceae;myristicaceae;ucuuba";ucuuba;myristicaceae;myristicaceae;myristicaceae spp;myristica crassa
"myristicaceae spp;myristicaceae;myristicaceae;uucuba branca";uucuba branca;myristicaceae;myristicaceae;myristicaceae spp;myristica crassa
"myrtaceae sp 3;myrtaceae;myrtaceae;araca bravo";araca bravo;myrtaceae;myrtaceae;myrtaceae sp 3;
"myrtaceae spp;myrtaceae;myrtaceae;araca bravo";araca bravo;myrtaceae;myrtaceae;myrtaceae spp;
"myrtaceae spp;myrtaceae;myrtaceae;louro preto";louro preto;myrtaceae;myrtaceae;myrtaceae spp;
"naucleopsis caloneura;moraceae;naucleopsis;mucurao";mucurao;moraceae;naucleopsis;naucleopsis caloneura;naucleopsis concinna
"naucleopsis caloneura;moraceae;naucleopsis;muiratinga";muiratinga;moraceae;naucleopsis;naucleopsis caloneura;naucleopsis concinna
"naucleopsis caloneura;moraceae;naucleopsis;pau rainha";pau rainha;moraceae;naucleopsis;naucleopsis caloneura;naucleopsis concinna
"neea cf madeirana;nyctaginaceae;neea;breu";breu;nyctaginaceae;neea;neea cf madeirana;neea madeirana
"neea cf madeirana;nyctaginaceae;neea;joao mole";joao mole;nyctaginaceae;neea;neea cf madeirana;neea madeirana
"neea cf verticillata;nyctaginaceae;neea;joao mole";joao mole;nyctaginaceae;neea;neea cf verticillata;banksia verticillata
"neea cf virens;nyctaginaceae;neea;joao mole";joao mole;nyctaginaceae;neea;neea cf virens;
"neea spp;nyctaginaceae;neea;joao mole";joao mole;nyctaginaceae;neea;neea spp;
"nyctaginaceae sp 1;nyctaginaceae;nyctaginaceae;joao mole";joao mole;nyctaginaceae;nyctaginaceae;nyctaginaceae sp 1;
"ocotea cinerea;lauraceae;ocotea;louro fofo";louro fofo;lauraceae;ocotea;ocotea cinerea;ocotea cernua
"ocotea cinerea;lauraceae;ocotea;louro preto";louro preto;lauraceae;ocotea;ocotea cinerea;ocotea cernua
"ocotea cujumary;lauraceae;ocotea;louro fofo";louro fofo;lauraceae;ocotea;ocotea cujumary;ocotea cernua
"ocotea cujumary;lauraceae;ocotea;louro preto";louro preto;lauraceae;ocotea;ocotea cujumary;ocotea cernua
"ocotea matogrossensis;lauraceae;ocotea;louro preto";louro preto;lauraceae;ocotea;ocotea matogrossensis;ocotea atirrensis
"ocotea minor;lauraceae;ocotea;louro preto";louro preto;lauraceae;ocotea;ocotea minor;ocotea minarum
"ocotea nigrescens;lauraceae;ocotea;louro preto";louro preto;lauraceae;ocotea;ocotea nigrescens;ocotea nigra
"ocotea subterminalis;lauraceae;ocotea;louro preto";louro preto;lauraceae;ocotea;ocotea subterminalis;corymbia terminalis
"parinari parvifolia;chrysobalanaceae;parinari;caraiperana";caraiperana;chrysobalanaceae;parinari;parinari parvifolia;garcinia parvifolia
"parkia panurensis;fabaceae;parkia;faveira parkia";faveira parkia;fabaceae;parkia;parkia panurensis;parkia paraensis
"parkia spp;fabaceae;parkia;chiclete bravo";chiclete bravo;fabaceae;parkia;parkia spp;
"parkia spp;fabaceae;parkia;fava parckia";fava parckia;fabaceae;parkia;parkia spp;
"parkia spp;fabaceae;parkia;faveira bengue";faveira bengue;fabaceae;parkia;parkia spp;
"parkia spp;fabaceae;parkia;faveira parkia";faveira parkia;fabaceae;parkia;parkia spp;
"pausandra macropetala;euphorbiaceae;pausandra;pau sandra";pau sandra;euphorbiaceae;pausandra;pausandra macropetala;pausandra trianae
"pourouma spp;urticaceae;pourouma;embaubarana";embaubarana;urticaceae;pourouma;pourouma spp;pourouma mollis
"pouteria campanulata;sapotaceae;pouteria;abiurana abiu";abiurana abiu;sapotaceae;pouteria;pouteria campanulata;sterculia campanulata
"pouteria campanulata;sapotaceae;pouteria;abiurana douradinha";abiurana douradinha;sapotaceae;pouteria;pouteria campanulata;sterculia campanulata
"pouteria cf ambelaniifolia;sapotaceae;pouteria;jarai";jarai;sapotaceae;pouteria;pouteria cf ambelaniifolia;pouteria ambelaniifolia
"pouteria cf cuspidata;sapotaceae;pouteria;jarai";jarai;sapotaceae;pouteria;pouteria cf cuspidata;pouteria cuspidata
"pouteria cf elegans;sapotaceae;pouteria;jarai";jarai;sapotaceae;pouteria;pouteria cf elegans;pouteria elegans
"pouteria cf engleri;sapotaceae;pouteria;abiurana olho veado";abiurana olho veado;sapotaceae;pouteria;pouteria cf engleri;pouteria engleri
"pouteria cf macrophylla;sapotaceae;pouteria;abiurana casca fina";abiurana casca fina;sapotaceae;pouteria;pouteria cf macrophylla;pouteria macrophylla
"pouteria cf macrophylla;sapotaceae;pouteria;abiurana cutite fl";abiurana cutite fl;sapotaceae;pouteria;pouteria cf macrophylla;pouteria macrophylla
"pouteria cf procera;sapotaceae;pouteria;abiurana olho veado";abiurana olho veado;sapotaceae;pouteria;pouteria cf procera;guatteria procera
"pouteria cf procera;sapotaceae;pouteria;abiurana roxa";abiurana roxa;sapotaceae;pouteria;pouteria cf procera;guatteria procera
"pouteria cf rhynchocarpa;sapotaceae;pouteria;abiurana olho veado";abiurana olho veado;sapotaceae;pouteria;pouteria cf rhynchocarpa;pouteria macrocarpa
"pouteria erythrochrysa;sapotaceae;pouteria;abiurana fedorenta";abiurana fedorenta;sapotaceae;pouteria;pouteria erythrochrysa;pouteria torta
"pouteria fimbriata;sapotaceae;pouteria;abiurana abiu";abiurana abiu;sapotaceae;pouteria;pouteria fimbriata;pouteria firma
"pouteria fimbriata;sapotaceae;pouteria;abiurana casca fina";abiurana casca fina;sapotaceae;pouteria;pouteria fimbriata;pouteria firma
"pouteria freitasii;sapotaceae;pouteria;abiurana sabia";abiurana sabia;sapotaceae;pouteria;pouteria freitasii;pouteria fissilis
"pouteria opposita;sapotaceae;pouteria;abiurana caramuri";abiurana caramuri;sapotaceae;pouteria;pouteria opposita;pouteria oppositifolia
"pouteria pallens;sapotaceae;pouteria;abiurana abiu";abiurana abiu;sapotaceae;pouteria;pouteria pallens;pouteria elegans
"pouteria platyphylla;sapotaceae;pouteria;abiurana abiu";abiurana abiu;sapotaceae;pouteria;pouteria platyphylla;pouteria macrophylla
"pouteria retinervis;sapotaceae;pouteria;abiurana abiu";abiurana abiu;sapotaceae;pouteria;pouteria retinervis;pouteria engleri
"pouteria retinervis;sapotaceae;pouteria;ucuuba puna";ucuuba puna;sapotaceae;pouteria;pouteria retinervis;pouteria engleri
"pouteria sp 1;sapotaceae;pouteria;chiclete bravo";chiclete bravo;sapotaceae;pouteria;pouteria sp 1;pouteria sapota
"pouteria sp 2;sapotaceae;pouteria;abiurana fedorenta";abiurana fedorenta;sapotaceae;pouteria;pouteria sp 2;pouteria sapota
"pouteria spp;sapotaceae;pouteria;abiurana batinga";abiurana batinga;sapotaceae;pouteria;pouteria spp;pouteria sapota
"pouteria spp;sapotaceae;pouteria;abiurana casca fina";abiurana casca fina;sapotaceae;pouteria;pouteria spp;pouteria sapota
"pouteria spp;sapotaceae;pouteria;abiurana cutite";abiurana cutite;sapotaceae;pouteria;pouteria spp;pouteria sapota
"pouteria spp;sapotaceae;pouteria;abiurana fedorenta";abiurana fedorenta;sapotaceae;pouteria;pouteria spp;pouteria sapota
"pouteria spp;sapotaceae;pouteria;abiurana olho veado";abiurana olho veado;sapotaceae;pouteria;pouteria spp;pouteria sapota
"pouteria spp;sapotaceae;pouteria;abiurana vermelha";abiurana vermelha;sapotaceae;pouteria;pouteria spp;pouteria sapota
"pouteria spp;sapotaceae;pouteria;jarai";jarai;sapotaceae;pouteria;pouteria spp;pouteria sapota
"pouteria virescens;sapotaceae;pouteria;abiurana abiu";abiurana abiu;sapotaceae;pouteria;pouteria virescens;pouteria vrieseana
"pouteria virescens;sapotaceae;pouteria;abiurana casca fina";abiurana casca fina;sapotaceae;pouteria;pouteria virescens;pouteria vrieseana
"pradosia lahoziana;sapotaceae;pradosia;abiurana bacuri";abiurana bacuri;sapotaceae;pradosia;pradosia lahoziana;aporosa planchoniana
"pradosia spp;sapotaceae;pradosia;casca doce";casca doce;sapotaceae;pradosia;pradosia spp;
"protium apiculatum;burseraceae;protium;breu branco";breu branco;burseraceae;protium;protium apiculatum;protium paniculatum
"protium apiculatum;burseraceae;protium;breu manga";breu manga;burseraceae;protium;protium apiculatum;protium paniculatum
"protium apiculatum;burseraceae;protium;breu vermelho";breu vermelho;burseraceae;protium;protium apiculatum;protium paniculatum
"protium cf crassipetalum;burseraceae;protium;breu vermelho";breu vermelho;burseraceae;protium;protium cf crassipetalum;protium crassipetalum
"protium gallosum;burseraceae;protium;breu branco";breu branco;burseraceae;protium;protium gallosum;protium carnosum
"protium gallosum;burseraceae;protium;breu pitomba";breu pitomba;burseraceae;protium;protium gallosum;protium carnosum
"protium hebetatum;burseraceae;protium;breu branco";breu branco;burseraceae;protium;protium hebetatum;protium crenatum
"protium hebetatum;burseraceae;protium;breu manga";breu manga;burseraceae;protium;protium hebetatum;protium crenatum
"protium hebetatum;burseraceae;protium;breu vermelho";breu vermelho;burseraceae;protium;protium hebetatum;protium crenatum
"protium hebetatum;burseraceae;protium;ripeiro vermelho";ripeiro vermelho;burseraceae;protium;protium hebetatum;protium crenatum
"protium hebetatum;burseraceae;protium;urucurana";urucurana;burseraceae;protium;protium hebetatum;protium crenatum
"protium nitidifolium;burseraceae;protium;breu peludo";breu peludo;burseraceae;protium;protium nitidifolium;protium grandifolium
"protium nitidifolium;burseraceae;protium;breu vermelho";breu vermelho;burseraceae;protium;protium nitidifolium;protium grandifolium
"protium pallidum;burseraceae;protium;breu branco";breu branco;burseraceae;protium;protium pallidum;protium opacum
"protium spp;burseraceae;protium;acariquara branca";acariquara branca;burseraceae;protium;protium spp;protium copal
"protium spp;burseraceae;protium;breu";breu;burseraceae;protium;protium spp;protium copal
"protium spp;burseraceae;protium;breu branco";breu branco;burseraceae;protium;protium spp;protium copal
"protium spp;burseraceae;protium;breu peludo";breu peludo;burseraceae;protium;protium spp;protium copal
"protium spp;burseraceae;protium;breu pitomba";breu pitomba;burseraceae;protium;protium spp;protium copal
"protium spp;burseraceae;protium;breu vermelho";breu vermelho;burseraceae;protium;protium spp;protium copal
"protium strumosum;burseraceae;protium;breu vermelho";breu vermelho;burseraceae;protium;protium strumosum;protium carnosum
"pseudopiptadenia cf suaveolens;fabaceae;pseudopiptadenia;faveira folha fina";faveira folha fina;fabaceae;pseudopiptadenia;pseudopiptadenia cf suaveolens;pseudopiptadenia suaveolens
"pseudoxandra obscurinervis;annonaceae;pseudoxandra;envira taripucu";envira taripucu;annonaceae;pseudoxandra;pseudoxandra obscurinervis;
"pseudoxandra obscurinervis;annonaceae;pseudoxandra;envireira";envireira;annonaceae;pseudoxandra;pseudoxandra obscurinervis;
"pterandra arborea;malpighiaceae;pterandra;mirataua";mirataua;malpighiaceae;pterandra;pterandra arborea;dryandra arborea
"pterocarpus spp;fabaceae;pterocarpus;jutaicica";jutaicica;fabaceae;pterocarpus;pterocarpus spp;pterocarpus osun
"quiina paraensis;quiinaceae;quiina;urucurana";urucurana;quiinaceae;quiina;quiina paraensis;inga paraensis
"rhodostemonodaphne peneia;lauraceae;rhodostemonodaphne;louro fofo";louro fofo;lauraceae;rhodostemonodaphne;rhodostemonodaphne peneia;rhodostemonodaphne grandis
"rhodothyrsus macrophyllus;euphorbiaceae;rhodothyrsus;seringarana";seringarana;euphorbiaceae;rhodothyrsus;rhodothyrsus macrophyllus;gonystylus macrophyllus
"rubiaceae sp;rubiaceae;rubiaceae;tanimbuca";tanimbuca;rubiaceae;rubiaceae;rubiaceae sp;
"rubiaceae spp;rubiaceae;rubiaceae;muiraximbe";muiraximbe;rubiaceae;rubiaceae;rubiaceae spp;
"rubiaceae spp;rubiaceae;rubiaceae;taboquinha";taboquinha;rubiaceae;rubiaceae;rubiaceae spp;
"sapindaceae spp;sapindaceae;sapindaceae;pitomba mata";pitomba mata;sapindaceae;sapindaceae;sapindaceae spp;
"sapotaceae spp;sapotaceae;sapotaceae;abiurana abiu";abiurana abiu;sapotaceae;sapotaceae;sapotaceae spp;
"sapotaceae spp;sapotaceae;sapotaceae;abiurana bacuri";abiurana bacuri;sapotaceae;sapotaceae;sapotaceae spp;
"sapotaceae spp;sapotaceae;sapotaceae;abiurana branca";abiurana branca;sapotaceae;sapotaceae;sapotaceae spp;
"sapotaceae spp;sapotaceae;sapotaceae;abiurana cutite fl";abiurana cutite fl;sapotaceae;sapotaceae;sapotaceae spp;
"sapotaceae spp;sapotaceae;sapotaceae;abiurana jerimum";abiurana jerimum;sapotaceae;sapotaceae;sapotaceae spp;
"sapotaceae spp;sapotaceae;sapotaceae;abiurana roxa";abiurana roxa;sapotaceae;sapotaceae;sapotaceae spp;
"sapotaceae spp;sapotaceae;sapotaceae;jarai";jarai;sapotaceae;sapotaceae;sapotaceae spp;
"sapotaceae spp;sapotaceae;sapotaceae;seringa verdadeira";seringa verdadeira;sapotaceae;sapotaceae;sapotaceae spp;
"simaba sp;simaroubaceae;simaba;maruparana";maruparana;simaroubaceae;simaba;simaba sp;
"siparuna pachyantha;siparunaceae;siparuna;purui";purui;siparunaceae;siparuna;siparuna pachyantha;saurauia macrantha
"sloanea floribunda;elaeocarpaceae;sloanea;urucurana";urucurana;elaeocarpaceae;sloanea;sloanea floribunda;neea floribunda
"sloanea latifolia;elaeocarpaceae;sloanea;urucurana";urucurana;elaeocarpaceae;sloanea;sloanea latifolia;sloanea laurifolia
"sloanea latifolia;elaeocarpaceae;sloanea;urucurana rasteira";urucurana rasteira;elaeocarpaceae;sloanea;sloanea latifolia;sloanea laurifolia
"sloanea sp 2;elaeocarpaceae;sloanea;urucurana";urucurana;elaeocarpaceae;sloanea;sloanea sp 2;sloanea sigun
"sloanea spp;elaeocarpaceae;sloanea;urucurana";urucurana;elaeocarpaceae;sloanea;sloanea spp;sloanea sigun
"sorocea guilleminiana;moraceae;sorocea;jaca brava";jaca brava;moraceae;sorocea;sorocea guilleminiana;shorea faguetiana
"sorocea guilleminiana;moraceae;sorocea;muiratinga";muiratinga;moraceae;sorocea;sorocea guilleminiana;shorea faguetiana
"sterculia parviflora;malvaceae;sterculia;achicha";achicha;malvaceae;sterculia;sterculia parviflora;sterculia pilosa
"stryphnodendron spp;fabaceae;stryphnodendron;fava camuze";fava camuze;fabaceae;stryphnodendron;stryphnodendron spp;stryphnodendron guianense
"stryphnodendron spp;fabaceae;stryphnodendron;inga arara";inga arara;fabaceae;stryphnodendron;stryphnodendron spp;stryphnodendron guianense
"swartzia reticulata;fabaceae;swartzia;araba preto";araba preto;fabaceae;swartzia;swartzia reticulata;swartzia recurva
"swartzia reticulata;fabaceae;swartzia;araba roxo";araba roxo;fabaceae;swartzia;swartzia reticulata;swartzia recurva
"swartzia schomburgkii;fabaceae;swartzia;araba vermelho";araba vermelho;fabaceae;swartzia;swartzia schomburgkii;sloanea schomburgkii
"swartzia schomburgkii;fabaceae;swartzia;joao mole";joao mole;fabaceae;swartzia;swartzia schomburgkii;sloanea schomburgkii
"swartzia schomburgkii;fabaceae;swartzia;matamata amarelo";matamata amarelo;fabaceae;swartzia;swartzia schomburgkii;sloanea schomburgkii
"swartzia tessmannii;fabaceae;swartzia;muirajiboia amarela";muirajiboia amarela;fabaceae;swartzia;swartzia tessmannii;swartzia bannia
"tachigali alba;fabaceae;tachigali;tachi pitomba";tachi pitomba;fabaceae;tachigali;tachigali alba;inga alba
"tachigali alba;fabaceae;tachigali;tachi preto";tachi preto;fabaceae;tachigali;tachigali alba;inga alba
"tachigali cf glauca;fabaceae;tachigali;tachi preto";tachi preto;fabaceae;tachigali;tachigali cf glauca;tachigali hypoleuca
"tachigali cf paraensis;fabaceae;tachigali;tachi vermelho";tachi vermelho;fabaceae;tachigali;tachigali cf paraensis;inga paraensis
"tachigali melinonii;fabaceae;tachigali;tachi vermelho";tachi vermelho;fabaceae;tachigali;tachigali melinonii;inga melinonis
"tachigali micropetala;fabaceae;tachigali;tachi vermelho";tachi vermelho;fabaceae;tachigali;tachigali micropetala;tachigali micrantha
"tachigali sp 1;fabaceae;tachigali;inga vermelha";inga vermelha;fabaceae;tachigali;tachigali sp 1;
"tachigali sp 1;fabaceae;tachigali;marupa";marupa;fabaceae;tachigali;tachigali sp 1;
"tachigali sp 1;fabaceae;tachigali;tachi preto";tachi preto;fabaceae;tachigali;tachigali sp 1;
"tachigali sp 1;fabaceae;tachigali;tachi vermelho";tachi vermelho;fabaceae;tachigali;tachigali sp 1;
"tachigali sp 2;fabaceae;tachigali;tachi vermelho";tachi vermelho;fabaceae;tachigali;tachigali sp 2;
"tachigali spp;fabaceae;tachigali;tachi pitomba";tachi pitomba;fabaceae;tachigali;tachigali spp;
"tachigali spp;fabaceae;tachigali;tachi preto";tachi preto;fabaceae;tachigali;tachigali spp;
"tachigali spp;fabaceae;tachigali;tachi vermelho";tachi vermelho;fabaceae;tachigali;tachigali spp;
"tachigali venusta;fabaceae;tachigali;tachi pitomba";tachi pitomba;fabaceae;tachigali;tachigali venusta;tachigali cavipes
"tachigali venusta;fabaceae;tachigali;tachi vermelho";tachi vermelho;fabaceae;tachigali;tachigali venusta;tachigali cavipes
"talisia cf cupularis;sapindaceae;talisia;macucu fofo";macucu fofo;sapindaceae;talisia;talisia cf cupularis;xylopia cupularis
"tapura amazonica;dichapetalaceae;tapura;tapura";tapura;dichapetalaceae;tapura;tapura amazonica;aniba amazonica
"tovomita brevistaminea;clusiaceae;tovomita;sapateiro";sapateiro;clusiaceae;tovomita;tovomita brevistaminea;tovomita choisyana
"tovomita caloneura;clusiaceae;tovomita;sapateiro";sapateiro;clusiaceae;tovomita;tovomita caloneura;tovomita carinata
"tovomita spp;clusiaceae;tovomita;sapateiro";sapateiro;clusiaceae;tovomita;tovomita spp;
"unonopsis duckei;annonaceae;unonopsis;envira preta";envira preta;annonaceae;unonopsis;unonopsis duckei;unonopsis rufescens
"unonopsis duckei;annonaceae;unonopsis;envira surucucu";envira surucucu;annonaceae;unonopsis;unonopsis duckei;unonopsis rufescens
"urticaceae spp;urticaceae;urticaceae;embauba";embauba;urticaceae;urticaceae;urticaceae spp;
"urticaceae spp;urticaceae;urticaceae;embauba mata";embauba mata;urticaceae;urticaceae;urticaceae spp;
"vantanea spp;humiriaceae;vantanea;uxi quebra machado";uxi quebra machado;humiriaceae;vantanea;vantanea spp;
"vatairea sp;fabaceae;vatairea;sucupira amarela";sucupira amarela;fabaceae;vatairea;vatairea sp;
"virola cf elongata;myristicaceae;virola;ucuuba";ucuuba;myristicaceae;virola;virola cf elongata;virola elongata
"virola cf elongata;myristicaceae;virola;ucuuba branca";ucuuba branca;myristicaceae;virola;virola cf elongata;virola elongata
"virola guggenheimii;myristicaceae;virola;ucuuba peluda";ucuuba peluda;myristicaceae;virola;virola guggenheimii;virola reidii
"virola mollissima;myristicaceae;virola;ucuuba vermelha";ucuuba vermelha;myristicaceae;virola;virola mollissima;hopea mollissima
"virola spp;myristicaceae;virola;ucuuba preta";ucuuba preta;myristicaceae;virola;virola spp;
"virola spp;myristicaceae;virola;ucuuba vermelha";ucuuba vermelha;myristicaceae;virola;virola spp;
"vismia japurensis;hypericaceae;vismia;lacre vermelho";lacre vermelho;hypericaceae;vismia;vismia japurensis;tilia amurensis
"vismia spp;hypericaceae;vismia;lacre mata";lacre mata;hypericaceae;vismia;vismia spp;
"vismia spp;hypericaceae;vismia;lacre vermelho";lacre vermelho;hypericaceae;vismia;vismia spp;
"vochysiaceae spp;vochysiaceae;vochysiaceae;mandioqueira";mandioqueira;vochysiaceae;vochysiaceae;vochysiaceae spp;
"zygia ramiflora;fabaceae;zygia;inga copaiba";inga copaiba;fabaceae;zygia;zygia ramiflora;zygia racemosa
"zygia ramiflora;fabaceae;zygia;inga fedorenta";inga fedorenta;fabaceae;zygia;zygia ramiflora;zygia racemosa
"zygia ramiflora;fabaceae;zygia;ingarana";ingarana;fabaceae;zygia;zygia ramiflora;zygia racemosa
